INSERT directors (did, lname, fname) VALUES (10, 'Σακελλάριος', 'Αλέκος')
INSERT directors (did, lname, fname) VALUES (11, 'Τζαβέλας', 'Γιώργος')
INSERT directors (did, lname, fname) VALUES (12, 'Φώσκολος', 'Νίκος')
INSERT directors (did, lname, fname) VALUES (13, 'Κατσουρίδης', 'Ντίνος')
INSERT directors (did, lname, fname) VALUES (14, 'Τζίμας', 'Νίκος')
INSERT directors (did, lname, fname) VALUES (15, 'Δημόπουλος', 'Ντίνος')
INSERT directors (did, lname, fname) VALUES (16, 'Τατασόπουλος', 'Στέλιος')
INSERT directors (did, lname, fname) VALUES (17, 'Yuh', 'Jennifer')
INSERT directors (did, lname, fname) VALUES (18, 'Eastwood', 'Clint')
INSERT directors (did, lname, fname) VALUES (19, 'Chapli', 'Charles')
INSERT directors (did, lname, fname) VALUES (20, 'Taylor', 'Sam')
INSERT directors (did, lname, fname) VALUES (21, 'Muret', 'Emmanuel')
INSERT directors (did, lname, fname) VALUES (22, 'Zemeckis', 'Robert')
INSERT directors (did, lname, fname) VALUES (23, 'Howard', 'Ro')
INSERT directors (did, lname, fname) VALUES (24, 'Jaunet', 'Jea')
INSERT directors (did, lname, fname) VALUES (25, 'Donner', 'Richard')
INSERT directors (did, lname, fname) VALUES (26, 'Scorsese', 'Martin')
INSERT directors (did, lname, fname) VALUES (27, 'Spielberg', 'Steven')
INSERT directors (did, lname, fname) VALUES (28, 'Lynch', 'david')

INSERT actors (actid, lname, fname) VALUES (100, 'Αυλωνίτης ', 'Βασίλης')
INSERT actors (actid, lname, fname) VALUES (101, 'Φωτόπουλος', 'Μίμης')
INSERT actors (actid, lname, fname) VALUES (102, 'Καρέζη', 'Τζένη')
INSERT actors (actid, lname, fname) VALUES (103, 'Χόρν', 'Δημήτρης')
INSERT actors (actid, lname, fname) VALUES (104, 'Κοντού ', 'Μάρω')
INSERT actors (actid, lname, fname) VALUES (105, 'Κωνσταντίνου', 'Γιώργος')
INSERT actors (actid, lname, fname) VALUES (106, 'Διαμαντίδου', 'Δέσπω')
INSERT actors (actid, lname, fname) VALUES (107, 'Λάσκαρη', 'Ζωή')
INSERT actors (actid, lname, fname) VALUES (108, 'Καρράς', 'Κώστας')
INSERT actors (actid, lname, fname) VALUES (109, 'Ανουσάκη', 'Ελένη')
INSERT actors (actid, lname, fname) VALUES (110, 'Κούρκουλος', 'Νίκος')
INSERT actors (actid, lname, fname) VALUES (111, 'Χρονοπούλου', 'Μαίρη')
INSERT actors (actid, lname, fname) VALUES (112, 'Γαλανός ', 'Νίκος')
INSERT actors (actid, lname, fname) VALUES (113, 'Καλογήρου', 'Σπύρος')
INSERT actors (actid, lname, fname) VALUES (114, 'Αλεξανδράκης', 'Αλέκος')
INSERT actors (actid, lname, fname) VALUES (115, 'Παπαγιαννόπουλος', 'Διονύσης')
INSERT actors (actid, lname, fname) VALUES (116, 'Τζανετάκος', 'Αλέκος')
INSERT actors (actid, lname, fname) VALUES (117, 'Βανίτα', 'Βίκυ')
INSERT actors (actid, lname, fname) VALUES (118, 'Black', 'Jack')
INSERT actors (actid, lname, fname) VALUES (119, 'Jolie', 'Angelina')
INSERT actors (actid, lname, fname) VALUES (120, 'Cha', 'Jackie')
INSERT actors (actid, lname, fname) VALUES (121, 'Feroe', 'Colm')
INSERT actors (actid, lname, fname) VALUES (122, 'Eastwood', 'Clint')
INSERT actors (actid, lname, fname) VALUES (123, 'Hackma', 'Gene')
INSERT actors (actid, lname, fname) VALUES (124, 'Chapli', 'Charles')
INSERT actors (actid, lname, fname) VALUES (125, 'Cherrill', 'Virginia')
INSERT actors (actid, lname, fname) VALUES (126, 'Johnso', 'Dakota')
INSERT actors (actid, lname, fname) VALUES (127, 'Dorna', 'Jamie')
INSERT actors (actid, lname, fname) VALUES (128, 'Efira', 'Virginia')
INSERT actors (actid, lname, fname) VALUES (129, 'Demustier', 'Anais')
INSERT actors (actid, lname, fname) VALUES (130, 'Hanks', 'Tom')
INSERT actors (actid, lname, fname) VALUES (131, 'Wright', 'Robi')
INSERT actors (actid, lname, fname) VALUES (132, 'Tautou', 'Audrey')
INSERT actors (actid, lname, fname) VALUES (133, 'Reno', 'Jea')
INSERT actors (actid, lname, fname) VALUES (134, 'Kassovits', 'Mathieu')
INSERT actors (actid, lname, fname) VALUES (135, 'Gibso', 'Mel')
INSERT actors (actid, lname, fname) VALUES (136, 'Glover', 'Danny')

INSERT categories (catid, category) VALUES (1, 'Κωμωδία')
INSERT categories (catid, category) VALUES (2, 'Αισθηματική')
INSERT categories (catid, category) VALUES (3, 'Κοινωνική')
INSERT categories (catid, category) VALUES (4, 'Δράμα')
INSERT categories (catid, category) VALUES (5, 'Περιπέτεια')
INSERT categories (catid, category) VALUES (6, 'Αστυνομική')
INSERT categories (catid, category) VALUES (7, 'Ιστορική')
INSERT categories (catid, category) VALUES (8, 'Κινούμενα σχέδια')
INSERT categories (catid, category) VALUES (9, 'Μυστηρίου')
INSERT categories (catid, category) VALUES (10, 'Θρίλερ')
INSERT categories (catid, category) VALUES (11, 'Δράση')
INSERT categories (catid, category) VALUES (12, 'Επιστημονική Φαντασία')
INSERT categories (catid, category) VALUES (13, 'Ντοκιμαντέρ')
INSERT categories (catid, category) VALUES (14, 'Βιογραφία')

INSERT movies (mid, title, pyear, production, duration, did) VALUES (1, 'Λατέρνα Φτώχεια και Φιλότιμο', 1955, 'GRC', 90, 10)
INSERT movies (mid, title, pyear, production, duration, did) VALUES (2, 'Αλίμονο στους νέους', 1961, 'GRC', 89, 10)
INSERT movies (mid, title, pyear, production, duration, did) VALUES (3, 'Η δε γυνή να φοβήται τον άνδρα', 1961, 'GRC', 102, 11)
INSERT movies (mid, title, pyear, production, duration, did) VALUES (4, 'Αιχμάλωτοι του μίσους', 1972, 'GRC', 102, 12)
INSERT movies (mid, title, pyear, production, duration, did) VALUES (5, 'Αδίστακτοι', 1965, 'GRC', 85, 13)
INSERT movies (mid, title, pyear, production, duration, did) VALUES (6, 'Αστραπόγιαννος', 1970, 'GRC', 112, 14)
INSERT movies (mid, title, pyear, production, duration, did) VALUES (7, 'Ενας μεγάλος έρωτας', 1964, 'GRC', 100, 15)
INSERT movies (mid, title, pyear, production, duration, did) VALUES (8, 'Δεσποινίς διευθυντής', 1964, 'GRC', 93, 15)
INSERT movies (mid, title, pyear, production, duration, did) VALUES (9, 'Μια τρελή τρελή οικογένεια', 1965, 'GRC', 101, 15)
INSERT movies (mid, title, pyear, production, duration, did) VALUES (10, 'Αν ήμουν πλούσιος', 1972, 'GRC', 75, 16)
INSERT movies (mid, title, pyear, production, duration, did) VALUES (11, 'Kung Fu Panda 2', 2011, 'GBR', 86, 17)
INSERT movies (mid, title, pyear, production, duration, did) VALUES (12, 'Changeling', 2008, 'GBR', 141, 18)
INSERT movies (mid, title, pyear, production, duration, did) VALUES (13, 'Unforgive', 1992, 'USA', 131, 18)
INSERT movies (mid, title, pyear, production, duration, did) VALUES (14, 'City lights', 1931, 'USA', 87, 19)
INSERT movies (mid, title, pyear, production, duration, did) VALUES (15, 'Fifty shades of grey', 2015, 'GBR', 125, 20)
INSERT movies (mid, title, pyear, production, duration, did) VALUES (16, 'Caprice', 2015, 'FRA', 100, 21)
INSERT movies (mid, title, pyear, production, duration, did) VALUES (17, 'Forrest Gump', 1994, 'USA', 142, 22)
INSERT movies (mid, title, pyear, production, duration, did) VALUES (18, 'The Da Vinci Code', 2006, 'USA', 149, 23)
INSERT movies (mid, title, pyear, production, duration, did) VALUES (19, 'Amelie', 2001, 'FRA', 122, 24)
INSERT movies (mid, title, pyear, production, duration, did) VALUES (20, 'Lethal weapon 4', 1998, 'USA', 127, 25)

INSERT copies (barcode, mid, medium, price) VALUES (111, 1, 'DVD', CAST(20.00 AS Numeric(5, 2)))
INSERT copies (barcode, mid, medium, price) VALUES (112, 1, 'DVD', CAST(20.00 AS Numeric(5, 2)))
INSERT copies (barcode, mid, medium, price) VALUES (113, 1, 'ONLINE', CAST(10.00 AS Numeric(5, 2)))
INSERT copies (barcode, mid, medium, price) VALUES (331, 3, 'DVD', CAST(25.00 AS Numeric(5, 2)))
INSERT copies (barcode, mid, medium, price) VALUES (332, 3, 'DVD', CAST(25.00 AS Numeric(5, 2)))
INSERT copies (barcode, mid, medium, price) VALUES (333, 3, 'DVD', CAST(25.00 AS Numeric(5, 2)))
INSERT copies (barcode, mid, medium, price) VALUES (334, 3, 'BLU RAY', CAST(40.00 AS Numeric(5, 2)))
INSERT copies (barcode, mid, medium, price) VALUES (411, 4, 'DVD', CAST(30.00 AS Numeric(5, 2)))
INSERT copies (barcode, mid, medium, price) VALUES (412, 4, 'DVD', CAST(30.00 AS Numeric(5, 2)))
INSERT copies (barcode, mid, medium, price) VALUES (413, 4, 'DVD', CAST(30.00 AS Numeric(5, 2)))
INSERT copies (barcode, mid, medium, price) VALUES (414, 4, 'DVD', CAST(30.00 AS Numeric(5, 2)))
INSERT copies (barcode, mid, medium, price) VALUES (415, 4, 'DVD', CAST(30.00 AS Numeric(5, 2)))
INSERT copies (barcode, mid, medium, price) VALUES (416, 4, 'DVD', CAST(30.00 AS Numeric(5, 2)))
INSERT copies (barcode, mid, medium, price) VALUES (511, 5, 'DVD', CAST(30.00 AS Numeric(5, 2)))
INSERT copies (barcode, mid, medium, price) VALUES (512, 5, 'ONLINE', CAST(10.00 AS Numeric(5, 2)))
INSERT copies (barcode, mid, medium, price) VALUES (611, 6, 'DVD', CAST(25.00 AS Numeric(5, 2)))
INSERT copies (barcode, mid, medium, price) VALUES (612, 6, 'BLU RAY', CAST(40.00 AS Numeric(5, 2)))
INSERT copies (barcode, mid, medium, price) VALUES (614, 6, 'ONLINE', CAST(10.00 AS Numeric(5, 2)))
INSERT copies (barcode, mid, medium, price) VALUES (701, 7, 'DVD', CAST(35.00 AS Numeric(5, 2)))
INSERT copies (barcode, mid, medium, price) VALUES (702, 7, 'BLU RAY', CAST(40.00 AS Numeric(5, 2)))
INSERT copies (barcode, mid, medium, price) VALUES (703, 7, 'BLU RAY', CAST(40.00 AS Numeric(5, 2)))
INSERT copies (barcode, mid, medium, price) VALUES (704, 7, 'BLU RAY', CAST(40.00 AS Numeric(5, 2)))
INSERT copies (barcode, mid, medium, price) VALUES (705, 7, 'BLU RAY', CAST(40.00 AS Numeric(5, 2)))
INSERT copies (barcode, mid, medium, price) VALUES (706, 7, 'DVD', CAST(35.00 AS Numeric(5, 2)))
INSERT copies (barcode, mid, medium, price) VALUES (707, 7, 'BLU RAY', CAST(40.00 AS Numeric(5, 2)))
INSERT copies (barcode, mid, medium, price) VALUES (708, 7, 'BLU RAY', CAST(40.00 AS Numeric(5, 2)))
INSERT copies (barcode, mid, medium, price) VALUES (801, 8, 'ONLINE', CAST(10.00 AS Numeric(5, 2)))
INSERT copies (barcode, mid, medium, price) VALUES (901, 9, 'ONLINE', CAST(10.00 AS Numeric(5, 2)))
INSERT copies (barcode, mid, medium, price) VALUES (902, 9, 'BLU RAY', CAST(60.00 AS Numeric(5, 2)))
INSERT copies (barcode, mid, medium, price) VALUES (903, 9, 'BLU RAY', CAST(60.00 AS Numeric(5, 2)))
INSERT copies (barcode, mid, medium, price) VALUES (1001, 10, 'BLU RAY', CAST(50.00 AS Numeric(5, 2)))
INSERT copies (barcode, mid, medium, price) VALUES (1002, 10, 'DVD', CAST(40.00 AS Numeric(5, 2)))
INSERT copies (barcode, mid, medium, price) VALUES (1003, 10, 'DVD', CAST(40.00 AS Numeric(5, 2)))
INSERT copies (barcode, mid, medium, price) VALUES (1004, 10, 'DVD', CAST(40.00 AS Numeric(5, 2)))
INSERT copies (barcode, mid, medium, price) VALUES (1005, 10, 'DVD', CAST(40.00 AS Numeric(5, 2)))
INSERT copies (barcode, mid, medium, price) VALUES (1101, 11, 'DVD', CAST(30.00 AS Numeric(5, 2)))
INSERT copies (barcode, mid, medium, price) VALUES (1102, 11, 'DVD', CAST(30.00 AS Numeric(5, 2)))
INSERT copies (barcode, mid, medium, price) VALUES (1103, 11, 'DVD', CAST(30.00 AS Numeric(5, 2)))
INSERT copies (barcode, mid, medium, price) VALUES (1104, 11, 'DVD', CAST(30.00 AS Numeric(5, 2)))
INSERT copies (barcode, mid, medium, price) VALUES (1105, 11, 'BLU RAY', CAST(40.00 AS Numeric(5, 2)))
INSERT copies (barcode, mid, medium, price) VALUES (1106, 11, 'BLU RAY', CAST(40.00 AS Numeric(5, 2)))
INSERT copies (barcode, mid, medium, price) VALUES (1107, 11, 'BLU RAY', CAST(40.00 AS Numeric(5, 2)))
INSERT copies (barcode, mid, medium, price) VALUES (1108, 11, 'DVD', CAST(40.00 AS Numeric(5, 2)))
INSERT copies (barcode, mid, medium, price) VALUES (1109, 11, 'DVD', CAST(40.00 AS Numeric(5, 2)))
INSERT copies (barcode, mid, medium, price) VALUES (1110, 11, 'ONLINE', CAST(10.00 AS Numeric(5, 2)))
INSERT copies (barcode, mid, medium, price) VALUES (1200, 12, 'DVD', CAST(30.00 AS Numeric(5, 2)))
INSERT copies (barcode, mid, medium, price) VALUES (1201, 12, 'DVD', CAST(30.00 AS Numeric(5, 2)))
INSERT copies (barcode, mid, medium, price) VALUES (1300, 13, 'DVD', CAST(30.00 AS Numeric(5, 2)))
INSERT copies (barcode, mid, medium, price) VALUES (1301, 13, 'BLU RAY', CAST(40.00 AS Numeric(5, 2)))
INSERT copies (barcode, mid, medium, price) VALUES (1302, 13, 'BLU RAY', CAST(40.00 AS Numeric(5, 2)))
INSERT copies (barcode, mid, medium, price) VALUES (1303, 13, 'DVD', CAST(40.00 AS Numeric(5, 2)))
INSERT copies (barcode, mid, medium, price) VALUES (1500, 15, 'BLU RAY', CAST(40.00 AS Numeric(5, 2)))
INSERT copies (barcode, mid, medium, price) VALUES (1501, 15, 'BLU RAY', CAST(40.00 AS Numeric(5, 2)))
INSERT copies (barcode, mid, medium, price) VALUES (1502, 15, 'BLU RAY', CAST(40.00 AS Numeric(5, 2)))
INSERT copies (barcode, mid, medium, price) VALUES (1503, 15, 'BLU RAY', CAST(40.00 AS Numeric(5, 2)))
INSERT copies (barcode, mid, medium, price) VALUES (1504, 15, 'BLU RAY', CAST(40.00 AS Numeric(5, 2)))
INSERT copies (barcode, mid, medium, price) VALUES (1505, 15, 'BLU RAY', CAST(40.00 AS Numeric(5, 2)))
INSERT copies (barcode, mid, medium, price) VALUES (1600, 16, 'BLU RAY', CAST(40.00 AS Numeric(5, 2)))
INSERT copies (barcode, mid, medium, price) VALUES (1601, 16, 'BLU RAY', CAST(40.00 AS Numeric(5, 2)))
INSERT copies (barcode, mid, medium, price) VALUES (1700, 17, 'DVD', CAST(25.00 AS Numeric(5, 2)))
INSERT copies (barcode, mid, medium, price) VALUES (1800, 18, 'DVD', CAST(25.00 AS Numeric(5, 2)))
INSERT copies (barcode, mid, medium, price) VALUES (1801, 18, 'ONLINE', CAST(10.00 AS Numeric(5, 2)))
INSERT copies (barcode, mid, medium, price) VALUES (1900, 19, 'DVD', CAST(30.00 AS Numeric(5, 2)))
INSERT copies (barcode, mid, medium, price) VALUES (1901, 19, 'BLU RAY', CAST(40.00 AS Numeric(5, 2)))
INSERT copies (barcode, mid, medium, price) VALUES (1902, 19, 'ONLINE', CAST(10.00 AS Numeric(5, 2)))
INSERT copies (barcode, mid, medium, price) VALUES (2000, 20, 'DVD', CAST(30.00 AS Numeric(5, 2)))
INSERT copies (barcode, mid, medium, price) VALUES (2001, 20, 'DVD', CAST(30.00 AS Numeric(5, 2)))
INSERT copies (barcode, mid, medium, price) VALUES (2002, 20, 'DVD', CAST(30.00 AS Numeric(5, 2)))
INSERT copies (barcode, mid, medium, price) VALUES (2003, 20, 'DVD', CAST(30.00 AS Numeric(5, 2)))




INSERT movie_actor (mid, actid) VALUES (1, 100)
INSERT movie_actor (mid, actid) VALUES (1, 101)
INSERT movie_actor (mid, actid) VALUES (1, 102)
INSERT movie_actor (mid, actid) VALUES (2, 103)
INSERT movie_actor (mid, actid) VALUES (2, 104)
INSERT movie_actor (mid, actid) VALUES (3, 104)
INSERT movie_actor (mid, actid) VALUES (3, 105)
INSERT movie_actor (mid, actid) VALUES (3, 106)
INSERT movie_actor (mid, actid) VALUES (4, 107)
INSERT movie_actor (mid, actid) VALUES (4, 108)
INSERT movie_actor (mid, actid) VALUES (4, 109)
INSERT movie_actor (mid, actid) VALUES (5, 110)
INSERT movie_actor (mid, actid) VALUES (5, 111)
INSERT movie_actor (mid, actid) VALUES (6, 110)
INSERT movie_actor (mid, actid) VALUES (6, 112)
INSERT movie_actor (mid, actid) VALUES (6, 113)
INSERT movie_actor (mid, actid) VALUES (7, 102)
INSERT movie_actor (mid, actid) VALUES (7, 110)
INSERT movie_actor (mid, actid) VALUES (8, 102)
INSERT movie_actor (mid, actid) VALUES (8, 114)
INSERT movie_actor (mid, actid) VALUES (9, 102)
INSERT movie_actor (mid, actid) VALUES (9, 114)
INSERT movie_actor (mid, actid) VALUES (9, 115)
INSERT movie_actor (mid, actid) VALUES (10, 115)
INSERT movie_actor (mid, actid) VALUES (10, 116)
INSERT movie_actor (mid, actid) VALUES (10, 117)
INSERT movie_actor (mid, actid) VALUES (11, 118)
INSERT movie_actor (mid, actid) VALUES (11, 119)
INSERT movie_actor (mid, actid) VALUES (11, 120)
INSERT movie_actor (mid, actid) VALUES (12, 119)
INSERT movie_actor (mid, actid) VALUES (12, 121)
INSERT movie_actor (mid, actid) VALUES (13, 122)
INSERT movie_actor (mid, actid) VALUES (13, 123)
INSERT movie_actor (mid, actid) VALUES (14, 124)
INSERT movie_actor (mid, actid) VALUES (14, 125)
INSERT movie_actor (mid, actid) VALUES (15, 126)
INSERT movie_actor (mid, actid) VALUES (15, 127)
INSERT movie_actor (mid, actid) VALUES (16, 128)
INSERT movie_actor (mid, actid) VALUES (16, 129)
INSERT movie_actor (mid, actid) VALUES (17, 130)
INSERT movie_actor (mid, actid) VALUES (17, 131)
INSERT movie_actor (mid, actid) VALUES (18, 130)
INSERT movie_actor (mid, actid) VALUES (18, 132)
INSERT movie_actor (mid, actid) VALUES (18, 133)
INSERT movie_actor (mid, actid) VALUES (19, 132)
INSERT movie_actor (mid, actid) VALUES (19, 134)
INSERT movie_actor (mid, actid) VALUES (20, 135)
INSERT movie_actor (mid, actid) VALUES (20, 136)

INSERT movie_cat (mid, catid) VALUES (1, 1)
INSERT movie_cat (mid, catid) VALUES (1, 2)
INSERT movie_cat (mid, catid) VALUES (2, 1)
INSERT movie_cat (mid, catid) VALUES (2, 2)
INSERT movie_cat (mid, catid) VALUES (3, 1)
INSERT movie_cat (mid, catid) VALUES (3, 2)
INSERT movie_cat (mid, catid) VALUES (4, 3)
INSERT movie_cat (mid, catid) VALUES (4, 4)
INSERT movie_cat (mid, catid) VALUES (5, 5)
INSERT movie_cat (mid, catid) VALUES (5, 6)
INSERT movie_cat (mid, catid) VALUES (6, 5)
INSERT movie_cat (mid, catid) VALUES (6, 7)
INSERT movie_cat (mid, catid) VALUES (7, 2)
INSERT movie_cat (mid, catid) VALUES (7, 3)
INSERT movie_cat (mid, catid) VALUES (7, 4)
INSERT movie_cat (mid, catid) VALUES (8, 1)
INSERT movie_cat (mid, catid) VALUES (9, 1)
INSERT movie_cat (mid, catid) VALUES (9, 2)
INSERT movie_cat (mid, catid) VALUES (10, 1)
INSERT movie_cat (mid, catid) VALUES (11, 5)
INSERT movie_cat (mid, catid) VALUES (11, 8)
INSERT movie_cat (mid, catid) VALUES (12, 4)
INSERT movie_cat (mid, catid) VALUES (12, 7)
INSERT movie_cat (mid, catid) VALUES (12, 9)
INSERT movie_cat (mid, catid) VALUES (13, 5)
INSERT movie_cat (mid, catid) VALUES (14, 1)
INSERT movie_cat (mid, catid) VALUES (14, 2)
INSERT movie_cat (mid, catid) VALUES (14, 4)
INSERT movie_cat (mid, catid) VALUES (15, 2)
INSERT movie_cat (mid, catid) VALUES (15, 4)
INSERT movie_cat (mid, catid) VALUES (16, 1)
INSERT movie_cat (mid, catid) VALUES (16, 2)
INSERT movie_cat (mid, catid) VALUES (17, 4)
INSERT movie_cat (mid, catid) VALUES (18, 9)
INSERT movie_cat (mid, catid) VALUES (18, 10)
INSERT movie_cat (mid, catid) VALUES (19, 1)
INSERT movie_cat (mid, catid) VALUES (19, 2)
INSERT movie_cat (mid, catid) VALUES (20, 10)
INSERT movie_cat (mid, catid) VALUES (20, 11)



